source_name,players_recruited,average_entry_age,average_football_rating,average_development_velocity,advanced_plus_pct,ia_plus_pct,professional_outcome_pct,education_outcome_pct,average_known_market_value,recruitment_success_index,data_completeness,source_type,evidence_strength
Ashanti Region,42,10.564102564102564,3.04,2.057903809098016,0.42857142857142855,0.38095238095238093,0.0,0.16666666666666666,2782142.8571428573,28.383333333333333,76.66666666666667,region,STRONG
Brong Ahafo Region,28,10.826086956521738,3.357142857142857,1.3318824359316734,0.39285714285714285,0.21428571428571427,0.0,0.03571428571428571,4975000.0,23.84642857142857,72.92857142857143,region,STRONG
Burkina Faso,1,11.0,,2.2899686520376177,0.0,0.0,0.0,0.0,800000.0,25.2,73.0,region,INSUFFICIENT
Central Region,12,11.444444444444445,2.6666666666666665,0.9797233498535333,0.16666666666666666,0.08333333333333333,0.0,0.0,241666.66666666666,12.575000000000001,65.58333333333333,region,MODERATE
Eastern Region,4,12.0,2.5,3.856324399120479,0.75,0.75,0.0,0.25,,32.1,65.0,region,WEAK
Greater Accra Region,50,11.119047619047619,2.590909090909091,1.7077798468267478,0.36,0.26,0.0,0.1,7542500.0,22.552,70.72,region,STRONG
Ivory Coast,51,10.594594594594595,3.3870967741935485,2.4130084768043703,0.37254901960784315,0.3137254901960784,0.0196078431372549,0.0196078431372549,5066666.666666667,27.735294117647058,72.2156862745098,region,STRONG
Nigeria,1,114.0,,0.27924311926605505,0.0,0.0,0.0,0.0,,4.4,67.0,region,INSUFFICIENT
Northern Region,6,10.8,3.3333333333333335,1.2032092587943162,0.16666666666666666,0.16666666666666666,0.0,0.0,3000000.0,22.5,72.16666666666667,region,WEAK
Upper East Region,7,11.0,4.0,1.8563695468850143,0.42857142857142855,0.42857142857142855,0.0,0.0,,22.142857142857142,65.85714285714286,region,WEAK
Ablekuma,1,10.0,,2.8231884057971013,1.0,1.0,0.0,0.0,,37.1,67.0,hometown,INSUFFICIENT
Aboabo,5,11.2,4.0,1.7308346825706131,0.2,0.2,0.0,0.0,275000.0,18.3,70.6,hometown,WEAK
Abobo,10,11.0,3.25,2.120684325816987,0.4,0.4,0.1,0.1,12000000.0,28.360000000000003,67.4,hometown,MODERATE
Abuakwa Tanoso,2,10.0,4.0,6.037190082644628,0.5,0.5,0.0,0.0,,45.0,90.0,hometown,INSUFFICIENT
Achimota,4,10.333333333333334,2.0,0.09094870517928286,0.0,0.0,0.0,0.25,,8.675,70.0,hometown,WEAK
Adabraka,1,10.0,,1.3962155963302754,1.0,0.0,0.0,0.0,,22.2,67.0,hometown,INSUFFICIENT
Adenta,4,11.0,2.5,0.0,0.0,0.0,0.0,0.0,,12.5,81.75,hometown,WEAK
Adjame ,4,11.5,,1.4368746219376956,0.25,0.25,0.0,0.0,1575000.0,18.0,70.0,hometown,WEAK
Afrancho,4,10.25,2.6666666666666665,0.34905389908256884,0.25,0.0,0.0,0.25,,15.55,80.25,hometown,WEAK
Ahenema kokoben,1,,3.0,0.0,0.0,0.0,0.0,0.0,,15.0,60.0,hometown,INSUFFICIENT
Ahenkro,1,11.0,,1.6754587155963303,1.0,1.0,0.0,0.0,,26.7,67.0,hometown,INSUFFICIENT
Akosombo,1,,2.0,12.074380165289256,1.0,1.0,0.0,1.0,,60.0,80.0,hometown,INSUFFICIENT
Amasaman,2,10.0,4.5,1.1169724770642202,0.5,0.5,0.0,0.0,5000000.0,44.25,83.5,hometown,INSUFFICIENT
Anayama,1,10.0,5.0,1.8189741035856573,1.0,0.0,0.0,0.0,,48.3,93.0,hometown,INSUFFICIENT
Asafo,1,10.0,,1.1169724770642202,0.0,0.0,0.0,0.0,12000000.0,27.0,73.0,hometown,INSUFFICIENT
Asaman,1,10.0,2.0,4.805921052631579,1.0,1.0,0.0,1.0,,52.0,93.0,hometown,INSUFFICIENT
Asawasi,1,10.0,4.0,6.859154929577465,1.0,1.0,0.0,0.0,,67.1,93.0,hometown,INSUFFICIENT
Ash-town,1,,,0.0,0.0,0.0,0.0,1.0,,0.0,40.0,hometown,INSUFFICIENT
Assin Fosu,1,15.0,,4.013736263736264,0.0,0.0,0.0,0.0,,21.3,67.0,hometown,INSUFFICIENT
Asuofua Asamang,1,10.0,4.0,0.0,0.0,0.0,0.0,0.0,,20.0,80.0,hometown,INSUFFICIENT
Atonsu,2,10.5,1.5,2.4029605263157894,0.5,0.5,0.0,0.0,,28.5,80.0,hometown,INSUFFICIENT
Baworo,1,10.0,3.0,3.689393939393939,1.0,1.0,0.0,1.0,,54.2,93.0,hometown,INSUFFICIENT
Bechem,1,11.0,4.0,0.0,0.0,0.0,0.0,0.0,6000000.0,28.3,80.0,hometown,INSUFFICIENT
Berekum,1,10.0,,1.7174764890282133,0.0,0.0,0.0,0.0,,15.5,67.0,hometown,INSUFFICIENT
Bibiani,1,,,0.0,0.0,0.0,0.0,0.0,,0.0,40.0,hometown,INSUFFICIENT
Bibiani-Bekwai,1,,,0.0,0.0,0.0,0.0,0.0,,0.0,40.0,hometown,INSUFFICIENT
Boadi,2,9.5,3.5,2.3641147499843154,1.0,1.0,0.0,0.0,,51.5,87.0,hometown,INSUFFICIENT
Bolgatanga,4,10.666666666666666,4.0,1.2014802631578947,0.25,0.25,0.0,0.0,,20.5,66.75,hometown,WEAK
Bouake,1,10.0,,1.1169724770642202,0.0,0.0,0.0,0.0,900000.0,22.7,73.0,hometown,INSUFFICIENT
Brofoyedru,1,12.0,2.0,0.0,0.0,0.0,0.0,0.0,,10.0,67.0,hometown,INSUFFICIENT
Chorkor,1,11.0,2.0,4.805921052631579,1.0,1.0,0.0,1.0,,52.0,93.0,hometown,INSUFFICIENT
Cocody,1,13.0,,0.5584862385321101,0.0,0.0,0.0,0.0,,8.9,67.0,hometown,INSUFFICIENT
Dansoman,3,10.5,,1.6771817816709051,0.3333333333333333,0.3333333333333333,0.0,0.0,612500.0,24.86666666666667,66.66666666666667,hometown,WEAK
Dansoman ,3,11.0,1.5,0.0,0.0,0.0,0.0,0.0,,5.0,60.0,hometown,WEAK
Dedesua,1,10.0,3.0,4.805921052631579,1.0,1.0,0.0,0.0,,57.0,93.0,hometown,INSUFFICIENT
Dormaa,3,10.333333333333334,3.5,4.600162964751328,1.0,1.0,0.0,0.0,,50.56666666666666,78.0,hometown,WEAK
Dormi Kwabenya,1,10.0,,2.8231884057971013,1.0,1.0,0.0,0.0,,37.1,60.0,hometown,INSUFFICIENT
Drobo,1,10.0,3.0,2.2339449541284404,1.0,1.0,0.0,0.0,,50.6,87.0,hometown,INSUFFICIENT
Ejisu,1,10.0,,1.0913844621513944,0.0,0.0,0.0,0.0,,14.0,67.0,hometown,INSUFFICIENT
Fodjoku,1,,3.0,0.0,0.0,0.0,0.0,0.0,,15.0,60.0,hometown,INSUFFICIENT
Garu,2,10.5,,3.256603529983596,0.5,0.5,0.0,0.0,,23.15,67.0,hometown,INSUFFICIENT
Gomoa Nsueam,1,9.0,,0.0,0.0,0.0,0.0,0.0,150000.0,1.9,73.0,hometown,INSUFFICIENT
Juapong,2,12.0,,1.6754587155963303,1.0,1.0,0.0,0.0,,26.7,60.0,hometown,INSUFFICIENT
Kasoa,1,12.0,,2.675824175824176,0.0,0.0,0.0,0.0,,14.2,67.0,hometown,INSUFFICIENT
Kenyasi ,1,10.0,3.0,0.0,0.0,0.0,0.0,0.0,,15.0,80.0,hometown,INSUFFICIENT
Koforidua,1,,4.0,0.0,0.0,0.0,0.0,0.0,,20.0,53.0,hometown,INSUFFICIENT
Koumassi,2,10.0,4.0,2.180597014925373,0.5,0.5,0.0,0.0,,40.45,77.0,hometown,INSUFFICIENT
Kuntanase,1,11.0,,1.1169724770642202,0.0,0.0,0.0,0.0,25000.0,18.2,73.0,hometown,INSUFFICIENT
Kwashieman,3,12.666666666666666,,1.4504276304735022,0.0,0.0,0.0,0.0,575000.0,15.933333333333332,71.0,hometown,WEAK
Labadi ,1,,,0.0,0.0,0.0,0.0,0.0,,0.0,47.0,hometown,INSUFFICIENT
Lapaz,2,12.0,2.0,1.4115942028985506,0.5,0.5,0.0,0.0,,23.55,57.0,hometown,INSUFFICIENT
Lomnava,1,11.0,,1.3962155963302754,1.0,0.0,0.0,0.0,,22.2,67.0,hometown,INSUFFICIENT
Maakro,1,10.0,,0.8377293577981652,0.0,0.0,0.0,0.0,900000.0,18.2,73.0,hometown,INSUFFICIENT
Nima,7,11.571428571428571,3.0,2.886387457717596,0.14285714285714285,0.14285714285714285,0.0,0.0,17000000.0,26.357142857142858,73.28571428571429,hometown,WEAK
Nkransa,1,10.0,,1.3962155963302754,1.0,0.0,0.0,0.0,225000.0,24.7,73.0,hometown,INSUFFICIENT
Ofankor,2,12.0,,0.8377293577981652,0.5,0.5,0.0,0.0,,13.35,53.5,hometown,INSUFFICIENT
Offinso,1,10.0,3.0,0.0,0.0,0.0,0.0,0.0,,15.0,87.0,hometown,INSUFFICIENT
Oforikurom,2,11.0,2.0,0.0,0.0,0.0,0.0,0.5,,10.0,83.5,hometown,INSUFFICIENT
Oman,1,10.0,4.0,6.859154929577465,1.0,1.0,0.0,0.0,,67.1,93.0,hometown,INSUFFICIENT
Ouagadougou,1,11.0,,2.2899686520376177,0.0,0.0,0.0,0.0,800000.0,25.2,73.0,hometown,INSUFFICIENT
Pokuasi,1,12.0,,2.8231884057971013,1.0,1.0,0.0,0.0,,37.1,60.0,hometown,INSUFFICIENT
Port Bouet,1,,2.0,47.9016393442623,1.0,1.0,0.0,0.0,,60.0,80.0,hometown,INSUFFICIENT
Port-Bouet,1,10.0,4.0,2.2339449541284404,1.0,1.0,0.0,0.0,,55.6,87.0,hometown,INSUFFICIENT
Rivera,1,,3.0,0.0,0.0,0.0,0.0,0.0,,15.0,67.0,hometown,INSUFFICIENT
Sankore,1,12.0,,1.6754587155963303,1.0,1.0,0.0,0.0,,26.7,60.0,hometown,INSUFFICIENT
Savelugu,1,12.0,4.0,0.0,0.0,0.0,0.0,0.0,,20.0,73.0,hometown,INSUFFICIENT
Sawaba,1,12.0,,1.1449843260188088,0.0,0.0,0.0,0.0,4000000.0,17.9,73.0,hometown,INSUFFICIENT
Sunyani,6,10.4,3.5,2.5676283177617187,0.5,0.16666666666666666,0.0,0.0,,31.166666666666668,75.66666666666667,hometown,WEAK
Swedru,1,12.0,,0.8377293577981652,0.0,0.0,0.0,0.0,75000.0,14.7,73.0,hometown,INSUFFICIENT
Tafo,4,10.0,3.0,1.3828175678806414,0.75,0.5,0.0,0.5,2000000.0,30.3,80.0,hometown,WEAK
Takoradi,9,11.166666666666666,2.6666666666666665,0.7672460640786632,0.2222222222222222,0.1111111111111111,0.0,0.0,500000.0,12.555555555555555,63.77777777777778,hometown,MODERATE
Tamale,5,10.5,3.0,1.4438511105531793,0.2,0.2,0.0,0.0,3000000.0,23.0,72.0,hometown,WEAK
Techiman,10,11.375,3.5,1.2096999366685561,0.4,0.3,0.0,0.1,9025000.0,23.06,72.7,hometown,MODERATE
Tema,2,10.0,2.5,2.731339603641762,1.0,1.0,0.0,0.0,,49.3,83.5,hometown,INSUFFICIENT
Tema Newtown,2,11.0,3.0,2.4029605263157894,0.5,0.5,0.0,1.0,,28.5,87.0,hometown,INSUFFICIENT
Teshi,4,12.333333333333334,3.0,1.2014802631578947,0.25,0.25,0.0,0.0,,21.75,75.0,hometown,WEAK
Teshie,2,8.0,,1.3962155963302754,1.0,0.0,0.0,0.0,50000.0,22.7,63.0,hometown,INSUFFICIENT
Teshie ,1,11.0,,0.0,0.0,0.0,0.0,0.0,,0.0,53.0,hometown,INSUFFICIENT
Trasaco,1,12.0,2.0,12.094370860927151,1.0,0.0,0.0,1.0,,48.8,87.0,hometown,INSUFFICIENT
Treichville,4,10.666666666666666,3.0,0.2430678793256433,0.0,0.0,0.0,0.0,,14.675,66.5,hometown,WEAK
Treichville ,1,,5.0,4.805921052631579,1.0,1.0,0.0,0.0,,67.0,80.0,hometown,INSUFFICIENT
Wenchi,4,11.25,3.0,0.6219000146204174,0.25,0.0,0.0,0.0,600000.0,17.475,76.75,hometown,WEAK
Yaba,1,114.0,,0.27924311926605505,0.0,0.0,0.0,0.0,,4.4,67.0,hometown,INSUFFICIENT
Yopougon,24,10.222222222222221,3.2941176470588234,1.3474869522393584,0.375,0.2916666666666667,0.0,0.0,4387500.0,26.741666666666664,73.41666666666667,hometown,STRONG
Zebilla,1,13.0,,1.6754587155963303,1.0,1.0,0.0,0.0,,26.7,60.0,hometown,INSUFFICIENT
AC California,2,11.0,3.0,2.4029605263157894,0.5,0.5,0.0,1.0,,28.5,87.0,entry_club,INSUFFICIENT
ACI,1,12.0,5.0,0.0,0.0,0.0,0.0,0.0,,25.0,80.0,entry_club,INSUFFICIENT
ACK (Acadamie Cisse Karim),1,,3.0,1.6019736842105263,0.0,0.0,0.0,0.0,,34.0,67.0,entry_club,INSUFFICIENT
ADFC,1,13.0,,0.5584862385321101,0.0,0.0,0.0,0.0,,8.9,67.0,entry_club,INSUFFICIENT
AIP,1,10.0,3.0,0.0,0.0,0.0,0.0,0.0,,15.0,80.0,entry_club,INSUFFICIENT
Academie Matra Football,1,10.0,3.0,4.361194029850746,1.0,1.0,0.0,0.0,,55.9,87.0,entry_club,INSUFFICIENT
Academie Sportive Ridwane fc,1,9.0,4.0,3.2039473684210527,1.0,1.0,0.0,0.0,,58.0,87.0,entry_club,INSUFFICIENT
Action FC,1,,,1.3962155963302754,1.0,0.0,0.0,0.0,,22.2,53.0,entry_club,INSUFFICIENT
Adams Stars FC,1,12.0,3.0,4.805921052631579,1.0,1.0,0.0,1.0,,57.0,93.0,entry_club,INSUFFICIENT
Ajax,1,10.0,3.0,0.0,0.0,0.0,0.0,0.0,,15.0,87.0,entry_club,INSUFFICIENT
Ajax Babies Football Club,1,11.0,,1.6754587155963303,1.0,1.0,0.0,0.0,,26.7,67.0,entry_club,INSUFFICIENT
Apremdo United,5,12.333333333333334,2.6666666666666665,0.7583044982698962,0.2,0.2,0.0,0.0,500000.0,15.059999999999999,68.0,entry_club,WEAK
Arc-en-ciel de Yopougon,1,10.0,,1.1169724770642202,0.0,0.0,0.0,0.0,5000000.0,25.7,73.0,entry_club,INSUFFICIENT
Arcenciel,2,10.0,,0.9773509174311927,0.5,0.0,0.0,0.0,,15.55,67.0,entry_club,INSUFFICIENT
Ashanti Goldstars FC,1,14.0,,1.7174764890282133,0.0,0.0,0.0,0.0,,15.5,60.0,entry_club,INSUFFICIENT
Avenir Football Club,1,11.0,,2.2899686520376177,0.0,0.0,0.0,0.0,800000.0,25.2,73.0,entry_club,INSUFFICIENT
Badolo Football Club,1,10.0,3.0,2.857981220657277,1.0,0.0,0.0,0.0,,40.9,93.0,entry_club,INSUFFICIENT
Bafar fooball club,1,14.0,,1.1169724770642202,0.0,0.0,0.0,0.0,2000000.0,23.9,73.0,entry_club,INSUFFICIENT
Barcelona,2,11.0,,1.1169724770642202,0.0,0.0,0.0,0.0,612500.0,20.65,66.5,entry_club,INSUFFICIENT
Bawaleshie Young Boys,1,12.0,3.0,0.0,0.0,0.0,0.0,0.0,,15.0,80.0,entry_club,INSUFFICIENT
Bayern Munich,1,10.0,,2.675824175824176,0.0,0.0,0.0,0.0,3000000.0,21.1,73.0,entry_club,INSUFFICIENT
Black Stars,1,10.0,2.0,0.0,0.0,0.0,0.0,0.0,,10.0,73.0,entry_club,INSUFFICIENT
Boca Juniors,1,10.0,,2.8231884057971013,1.0,1.0,0.0,0.0,,37.1,67.0,entry_club,INSUFFICIENT
Bolga All Stars FC,1,10.0,4.0,0.0,0.0,0.0,0.0,0.0,,20.0,87.0,entry_club,INSUFFICIENT
Buokrom River Plate,1,11.0,4.0,9.611842105263158,1.0,1.0,0.0,0.0,,70.0,87.0,entry_club,INSUFFICIENT
C.F.D.R,2,9.0,,0.9773509174311927,0.5,0.5,0.0,0.0,11075000.0,21.4,66.5,entry_club,INSUFFICIENT
C.F.J.P.T,1,11.0,,0.9722715173025732,0.0,0.0,0.0,0.0,,13.7,67.0,entry_club,INSUFFICIENT
CAFOSA,1,,3.0,0.0,0.0,0.0,0.0,0.0,,15.0,67.0,entry_club,INSUFFICIENT
CFCB,1,10.0,,1.1169724770642202,0.0,0.0,0.0,0.0,900000.0,22.7,73.0,entry_club,INSUFFICIENT
CFCT,3,10.0,4.0,2.3466220022533397,0.6666666666666666,0.6666666666666666,0.0,0.0,,45.86666666666667,73.33333333333333,entry_club,WEAK
CFDR,1,10.0,,1.3962155963302754,1.0,0.0,0.0,0.0,,22.2,67.0,entry_club,INSUFFICIENT
CFFA Foot,3,9.0,3.6666666666666665,5.806948801860767,1.0,1.0,0.0,0.0,,61.5,91.0,entry_club,WEAK
CFOK,1,12.0,,0.27924311926605505,0.0,0.0,0.0,0.0,3000000.0,11.4,73.0,entry_club,INSUFFICIENT
CFPT,1,,3.0,0.0,0.0,0.0,0.0,0.0,,15.0,53.0,entry_club,INSUFFICIENT
Celtic Football Club,1,12.0,,1.1449843260188088,0.0,0.0,0.0,0.0,4000000.0,17.9,73.0,entry_club,INSUFFICIENT
Champions,1,8.0,3.0,2.45959595959596,1.0,1.0,0.0,1.0,,51.1,93.0,entry_club,INSUFFICIENT
Conqueror Football Club,1,12.0,,0.8377293577981652,0.0,0.0,0.0,0.0,75000.0,14.7,73.0,entry_club,INSUFFICIENT
Csikka,1,9.0,4.0,1.9547018348623855,1.0,1.0,0.0,0.0,,51.1,87.0,entry_club,INSUFFICIENT
Destiny Starts,1,11.0,3.0,0.0,0.0,0.0,0.0,0.0,,15.0,87.0,entry_club,INSUFFICIENT
Diambars,1,,5.0,0.0,0.0,0.0,0.0,0.0,,25.0,67.0,entry_club,INSUFFICIENT
Diamond Seed,1,11.0,4.0,12.074380165289256,1.0,1.0,0.0,0.0,,70.0,87.0,entry_club,INSUFFICIENT
Dormaa West Candy SC,1,10.0,3.0,1.9547018348623855,1.0,1.0,0.0,0.0,,46.1,87.0,entry_club,INSUFFICIENT
Droit de Reve,4,10.5,3.25,0.0,0.0,0.0,0.0,0.0,750000.0,17.25,71.75,entry_club,WEAK
EFA,1,,2.0,0.0,0.0,0.0,0.0,0.0,,10.0,67.0,entry_club,INSUFFICIENT
ESB,1,,2.0,47.9016393442623,1.0,1.0,0.0,0.0,,60.0,80.0,entry_club,INSUFFICIENT
Eleven Tigers,1,10.0,,1.3962155963302754,1.0,0.0,0.0,0.0,225000.0,24.7,73.0,entry_club,INSUFFICIENT
Elite FC,2,12.0,,0.5584862385321101,0.0,0.0,0.0,0.0,,8.9,57.0,entry_club,INSUFFICIENT
Emmanuel FC,1,9.0,,1.3962155963302754,1.0,0.0,0.0,0.0,,22.2,67.0,entry_club,INSUFFICIENT
FAV,1,,2.0,0.0,0.0,0.0,0.0,0.0,,10.0,67.0,entry_club,INSUFFICIENT
Figos,1,10.0,3.0,4.805921052631579,1.0,1.0,0.0,0.0,,57.0,93.0,entry_club,INSUFFICIENT
Flying Horse,1,,3.0,0.0,0.0,0.0,0.0,0.0,,15.0,53.0,entry_club,INSUFFICIENT
Formidables,1,11.0,,1.7174764890282133,0.0,0.0,0.0,0.0,,15.5,67.0,entry_club,INSUFFICIENT
Gladiator FC,1,10.0,5.0,1.8189741035856573,1.0,0.0,0.0,0.0,,48.3,93.0,entry_club,INSUFFICIENT
Glory FC,1,10.0,2.0,0.0,0.0,0.0,0.0,1.0,,10.0,87.0,entry_club,INSUFFICIENT
Golden Boys,1,12.0,4.0,0.0,0.0,0.0,0.0,0.0,,20.0,87.0,entry_club,INSUFFICIENT
Great Corinthians,2,11.0,1.0,0.6981077981651377,0.5,0.0,0.0,0.0,,13.6,73.5,entry_club,INSUFFICIENT
Great Corinthians FC,1,12.0,,2.8231884057971013,1.0,1.0,0.0,0.0,,37.1,67.0,entry_club,INSUFFICIENT
Great Warriors FC,1,15.0,,4.013736263736264,0.0,0.0,0.0,0.0,,21.3,67.0,entry_club,INSUFFICIENT
Home Boys Academy,1,12.0,2.0,0.0,0.0,0.0,0.0,0.0,,10.0,67.0,entry_club,INSUFFICIENT
Invincible Sporting Club,1,11.0,,1.3962155963302754,1.0,0.0,0.0,0.0,2000000.0,28.4,73.0,entry_club,INSUFFICIENT
Jaguar,1,13.0,4.0,0.0,0.0,0.0,0.0,0.0,,20.0,80.0,entry_club,INSUFFICIENT
King Des Foundation,1,12.0,,2.8231884057971013,1.0,1.0,0.0,0.0,,37.1,60.0,entry_club,INSUFFICIENT
King Faisel Babies,1,,3.0,0.0,0.0,0.0,0.0,0.0,,15.0,60.0,entry_club,INSUFFICIENT
King Solomon,1,12.0,,1.6754587155963303,1.0,1.0,0.0,0.0,,26.7,60.0,entry_club,INSUFFICIENT
King Stars,3,10.0,2.6666666666666665,0.0,0.0,0.0,0.0,0.0,1800000.0,15.200000000000001,55.666666666666664,entry_club,WEAK
Kumasi Shooting Stars,1,10.0,3.0,0.0,0.0,0.0,0.0,0.0,,15.0,87.0,entry_club,INSUFFICIENT
Kumasi Strong Towers,2,10.0,3.5,1.22979797979798,0.5,0.5,0.0,0.0,,35.55,83.5,entry_club,INSUFFICIENT
Lamboya Winning stars,1,13.0,,1.6754587155963303,1.0,1.0,0.0,0.0,,26.7,60.0,entry_club,INSUFFICIENT
Legacy FC,1,10.0,3.0,2.2339449541284404,1.0,1.0,0.0,0.0,,50.6,87.0,entry_club,INSUFFICIENT
Leopard Sports D&A,1,13.0,,1.6754587155963303,1.0,1.0,0.0,0.0,,26.7,60.0,entry_club,INSUFFICIENT
Liberty Babies,1,,4.0,0.0,0.0,0.0,0.0,0.0,,20.0,53.0,entry_club,INSUFFICIENT
Liberty FC,1,10.0,,0.27924311926605505,0.0,0.0,0.0,0.0,50000.0,5.4,73.0,entry_club,INSUFFICIENT
Liberty Sporting FC,1,11.0,,1.1169724770642202,0.0,0.0,0.0,0.0,,17.8,67.0,entry_club,INSUFFICIENT
Lion Stars,1,12.0,4.0,0.0,0.0,0.0,0.0,0.0,,20.0,73.0,entry_club,INSUFFICIENT
Maakro Theatre of Dreams F/C,1,10.0,,0.8377293577981652,0.0,0.0,0.0,0.0,900000.0,18.2,73.0,entry_club,INSUFFICIENT
Macafa Football Club D'Adjame,1,13.0,,2.675824175824176,0.0,0.0,0.0,0.0,,14.2,67.0,entry_club,INSUFFICIENT
Magic Stars,1,11.0,,1.0913844621513944,0.0,0.0,0.0,0.0,25000.0,14.4,73.0,entry_club,INSUFFICIENT
Mau-Mau,1,10.0,,1.3962155963302754,1.0,0.0,0.0,0.0,,22.2,67.0,entry_club,INSUFFICIENT
Mighty Warrior Soccer Academy,1,12.0,,1.3962155963302754,1.0,0.0,0.0,0.0,,22.2,67.0,entry_club,INSUFFICIENT
Mighty boys,1,11.0,,1.6754587155963303,1.0,1.0,0.0,0.0,,26.7,67.0,entry_club,INSUFFICIENT
Nahlin Soccer Academy,3,12.333333333333334,3.0,2.421839004075846,0.6666666666666666,0.6666666666666666,0.0,0.0,,36.03333333333333,82.0,entry_club,WEAK
Nimobi Ladies FC,1,11.0,,1.5030864197530864,0.0,0.0,0.0,0.0,,7.5,67.0,entry_club,INSUFFICIENT
No Club,1,11.0,2.0,4.805921052631579,1.0,1.0,0.0,0.0,,52.0,93.0,entry_club,INSUFFICIENT
Nouvelle Academie,1,,3.0,0.0,0.0,0.0,0.0,0.0,,15.0,67.0,entry_club,INSUFFICIENT
Nouvelle Vision Academie,1,12.0,3.0,2.45959595959596,1.0,1.0,0.0,0.0,,51.1,87.0,entry_club,INSUFFICIENT
Nyanko Sporting Club,1,10.0,1.0,4.805921052631579,1.0,1.0,0.0,0.0,,47.0,93.0,entry_club,INSUFFICIENT
Only Jar FC,1,11.0,,9.611842105263158,1.0,1.0,0.0,0.0,,50.0,60.0,entry_club,INSUFFICIENT
Peace FC,1,,2.0,0.0,0.0,0.0,0.0,0.0,,10.0,53.0,entry_club,INSUFFICIENT
Peseverance,1,10.0,,2.8231884057971013,1.0,1.0,0.0,0.0,,37.1,67.0,entry_club,INSUFFICIENT
Pk Espoir,1,12.0,,9.611842105263158,1.0,1.0,0.0,0.0,,50.0,60.0,entry_club,INSUFFICIENT
Polo FC,1,9.0,,0.0,0.0,0.0,0.0,0.0,150000.0,1.9,73.0,entry_club,INSUFFICIENT
ROFA,1,15.0,,1.1449843260188088,0.0,0.0,0.0,0.0,,10.4,67.0,entry_club,INSUFFICIENT
Rail Stars FC,1,10.0,,0.0,0.0,0.0,0.0,0.0,,0.0,60.0,entry_club,INSUFFICIENT
Rangers ,2,11.0,2.0,0.0,0.0,0.0,0.0,0.5,,10.0,83.5,entry_club,INSUFFICIENT
Rapid FC,1,,2.0,12.074380165289256,1.0,1.0,0.0,1.0,,60.0,80.0,entry_club,INSUFFICIENT
Real Academy Football Club,1,10.0,,1.0913844621513944,0.0,0.0,0.0,0.0,,14.0,67.0,entry_club,INSUFFICIENT
Real Madrid,1,10.0,2.0,0.0,0.0,0.0,0.0,0.0,,10.0,80.0,entry_club,INSUFFICIENT
Real Republicans,2,10.0,4.0,0.5584862385321101,0.0,0.0,0.0,0.0,,18.9,77.0,entry_club,INSUFFICIENT
Real Republicans FC,1,11.0,,1.2963620230700976,0.0,0.0,0.0,0.0,3000000.0,25.2,73.0,entry_club,INSUFFICIENT
Real d'Afrique,1,11.0,4.0,0.0,0.0,0.0,0.0,0.0,,20.0,73.0,entry_club,INSUFFICIENT
Republicans Football Club,1,12.0,,2.675824175824176,0.0,0.0,0.0,0.0,,14.2,67.0,entry_club,INSUFFICIENT
Right to Dream Annexe,1,11.0,,4.361194029850746,1.0,1.0,0.0,0.0,,40.9,60.0,entry_club,INSUFFICIENT
Rock Soccer,1,12.0,4.0,0.0,0.0,0.0,0.0,0.0,,20.0,87.0,entry_club,INSUFFICIENT
Royal Generation ,1,10.0,2.0,3.0030832476875644,1.0,1.0,0.0,0.0,,47.5,87.0,entry_club,INSUFFICIENT
Royal Olmpique Foot d' Abobo,1,10.0,4.0,3.689393939393939,1.0,1.0,0.0,1.0,,59.2,93.0,entry_club,INSUFFICIENT
Royal Olypmpic Foot D'Abobo,1,10.0,,0.0,0.0,0.0,0.0,0.0,2000000.0,6.1,73.0,entry_club,INSUFFICIENT
Royal Soccer Angels,1,10.0,,1.1169724770642202,0.0,0.0,0.0,0.0,12000000.0,27.0,73.0,entry_club,INSUFFICIENT
Royal Soccer Club,1,10.0,,1.0913844621513944,0.0,0.0,0.0,0.0,,14.0,67.0,entry_club,INSUFFICIENT
Sagomens,1,10.0,3.0,0.0,0.0,0.0,0.0,0.0,,15.0,87.0,entry_club,INSUFFICIENT
Scores of VGP,1,12.0,,1.6754587155963303,1.0,1.0,0.0,0.0,,26.7,67.0,entry_club,INSUFFICIENT
Segomens,1,10.0,5.0,12.074380165289256,1.0,1.0,0.0,0.0,,75.0,93.0,entry_club,INSUFFICIENT
Shooting Stars,4,10.0,2.3333333333333335,0.09094870517928286,0.0,0.0,0.0,0.25,,9.925,76.75,entry_club,WEAK
Shooting Stars/Corithians,1,11.0,,1.6754587155963303,1.0,1.0,0.0,0.0,,26.7,60.0,entry_club,INSUFFICIENT
Siano FC,4,10.0,4.0,3.195623455774961,0.75,0.75,0.0,0.25,5000000.0,52.45,88.25,entry_club,WEAK
Soccer Friends,1,114.0,,0.27924311926605505,0.0,0.0,0.0,0.0,,4.4,67.0,entry_club,INSUFFICIENT
Soccer Masters FC,1,11.0,,0.0,0.0,0.0,0.0,0.0,,0.0,53.0,entry_club,INSUFFICIENT
Soccer Professionals,1,10.0,,1.7174764890282133,0.0,0.0,0.0,0.0,,15.5,67.0,entry_club,INSUFFICIENT
Sporting Club,4,13.25,,1.1169724770642202,0.5,0.0,0.0,0.0,675000.0,19.7,70.0,entry_club,WEAK
Sporting Club Accra,1,12.0,,2.675824175824176,0.0,0.0,0.0,0.0,400000.0,17.1,73.0,entry_club,INSUFFICIENT
Star FC,1,10.0,4.0,0.0,0.0,0.0,0.0,0.0,,20.0,87.0,entry_club,INSUFFICIENT
Star Foot FC,1,10.0,,1.6754587155963303,1.0,1.0,0.0,0.0,,26.7,60.0,entry_club,INSUFFICIENT
State Envoys,1,10.0,4.0,6.859154929577465,1.0,1.0,0.0,0.0,,67.1,93.0,entry_club,INSUFFICIENT
Strong Tower,2,11.5,,1.4172244830462168,0.0,0.0,0.0,0.0,31500000.0,26.0,73.0,entry_club,INSUFFICIENT
Strong Tower FC,4,10.25,2.75,1.125644623625278,0.5,0.5,0.0,0.0,,30.625,80.25,entry_club,WEAK
Talented Football Club ,1,9.0,,4.361194029850746,1.0,1.0,0.0,0.0,,40.9,67.0,entry_club,INSUFFICIENT
Tangha Queens,1,11.0,4.0,4.805921052631579,1.0,1.0,0.0,0.0,,62.0,87.0,entry_club,INSUFFICIENT
Techiman Pround United FC,1,11.0,,1.6754587155963303,1.0,1.0,0.0,0.0,,26.7,67.0,entry_club,INSUFFICIENT
Techiman United,2,10.5,4.0,0.5584862385321101,0.0,0.0,0.0,0.0,18000000.0,23.6,80.0,entry_club,INSUFFICIENT
Techiman Young Dwarfs FC,1,10.0,,1.8189741035856573,1.0,0.0,0.0,0.0,,23.3,67.0,entry_club,INSUFFICIENT
Teshie Vasajam Babies,1,8.0,,1.3962155963302754,1.0,0.0,0.0,0.0,50000.0,23.2,73.0,entry_club,INSUFFICIENT
Tigos FC,2,10.5,2.0,2.4029605263157894,0.5,0.5,0.0,0.5,,31.0,80.0,entry_club,INSUFFICIENT
Top Flight,1,11.0,4.0,0.0,0.0,0.0,0.0,0.0,,20.0,87.0,entry_club,INSUFFICIENT
Unique FC,2,11.0,2.0,2.4029605263157894,0.5,0.5,0.0,0.5,,26.0,73.0,entry_club,INSUFFICIENT
Victory FC,1,10.0,4.0,0.0,0.0,0.0,0.0,0.0,,20.0,87.0,entry_club,INSUFFICIENT
Wise Eleven FC,1,10.0,3.0,0.0,0.0,0.0,0.0,0.0,,15.0,80.0,entry_club,INSUFFICIENT
Young Arsenals,1,,,2.8231884057971013,1.0,1.0,0.0,0.0,,37.1,53.0,entry_club,INSUFFICIENT
Young Juventus,2,10.0,,3.8304683750839814,0.5,0.5,0.0,0.0,,28.35,63.5,entry_club,INSUFFICIENT
Young Viper,1,10.0,3.0,0.0,0.0,0.0,0.0,1.0,,15.0,87.0,entry_club,INSUFFICIENT
Young Vipers,1,11.0,,1.6754587155963303,1.0,1.0,0.0,0.0,,26.7,67.0,entry_club,INSUFFICIENT
Zaytuna Ladies,1,8.0,,2.5254969749351774,1.0,1.0,0.0,0.0,,36.3,40.0,entry_club,INSUFFICIENT
Zebra FC,3,12.0,,1.4309931276674395,0.0,0.0,0.0,0.0,275000.0,10.2,71.0,entry_club,WEAK
Zion FC,1,11.0,4.0,0.0,0.0,0.0,0.0,0.0,6000000.0,28.3,80.0,entry_club,INSUFFICIENT
Burkina Faso,1,11.0,2.0,0.0,0.0,0.0,0.0,0.0,,10.0,60.0,nationality,INSUFFICIENT
Ghana,151,11.7,3.054054054054054,1.8933853542568975,0.3509933774834437,0.26490066225165565,0.006622516556291391,0.0728476821192053,4977678.571428572,23.451655629139072,70.51655629139073,nationality,STRONG
Ivory Coast,52,10.533333333333333,3.25,1.9315748459863995,0.46153846153846156,0.40384615384615385,0.0,0.07692307692307693,3815625.0,29.376923076923074,74.90384615384616,nationality,STRONG
Nigeria,1,11.0,,0.0,0.0,0.0,0.0,0.0,,0.0,53.0,nationality,INSUFFICIENT
